beats,gammaRatio,probeSpeed_cm_s
0.00,0.00000,0.0000
0.05,0.14678,0.5774
0.10,0.44125,1.6728
0.15,0.69949,2.5577
0.20,0.77880,2.7490
0.25,0.73162,2.4949
0.30,0.68729,2.2661
0.35,0.64565,2.0598
0.40,0.60653,1.8736
0.45,0.56978,1.7054
0.50,0.53526,1.5533
0.55,0.50283,1.4157
0.60,0.47237,1.2910
0.65,0.44375,1.1780
0.70,0.41686,1.0754
0.75,0.39161,0.9824
0.80,0.36788,0.8978
0.85,0.34559,0.8209
0.90,0.32465,0.7510
0.95,0.30498,0.6873
1.00,0.28650,0.6293
1.05,0.26915,0.5765
1.10,0.25284,0.5283
1.15,0.23752,0.4843
1.20,0.22313,0.4442
1.25,0.20961,0.4076
1.30,0.19691,0.3741
1.35,0.18498,0.3435
1.40,0.17377,0.3154
1.45,0.16325,0.2898
1.50,0.15335,0.2664
1.55,0.14406,0.2449
1.60,0.13534,0.2252
1.65,0.12714,0.2072
1.70,0.11943,0.1906
1.75,0.11220,0.1755
1.80,0.10540,0.1616
1.85,0.09901,0.1488
1.90,0.09301,0.1371
1.95,0.08738,0.1263
2.00,0.08208,0.1164
2.05,0.07711,0.1073
2.10,0.07244,0.0989
2.15,0.06805,0.0912
2.20,0.06393,0.0842
2.25,0.06005,0.0777
2.30,0.05570,0.0708
2.35,0.05042,0.0629
2.40,0.04461,0.0547
2.45,0.03857,0.0465
2.50,0.03255,0.0386
2.55,0.02675,0.0312
2.60,0.02132,0.0245
2.65,0.01639,0.0185
2.70,0.01204,0.0134
2.75,0.00833,0.0091
2.80,0.00530,0.0057
2.85,0.00295,0.0031
2.90,0.00129,0.0013
2.95,0.00032,0.0003
3.00,0.00000,0.0000
3.05,0.00000,0.0000
3.10,0.00000,0.0000
3.15,0.00000,0.0000
3.20,0.00000,0.0000
